username,password,place
Rhea,705,Valparaíso
Sara-Ann,210,Quito
Vita,543,Lyon
Rosaline,128,Toronto
Ebonee,707,Mogadishu
Rubie,519,Nairobi
Estell,570,Ponta Delgada
Brianna,934,Avarua
Tamqrah,248,Thimphu
Kenna,128,Abuja
Mara,347,Brazzaville
Nataline,207,Bogor
Tierney,236,Kinshasa
Anallese,169,Kraków
Pearline,912,Philadelphia
Cam,761,Marrakech
Nicoli,871,Manchester
Sheelagh,267,Las Vegas
Consuela,989,Munich
Sean,444,Gangtok
Annice,814,El Paso
Catharine,367,Sri Jayawardenapura-Kotte
Stephanie,496,Jamestown
Tatiania,242,Portland
Netty,174,Quezon City
Max,528,Seville
Dorene,120,Dodoma
Bernardine,489,Atlanta
Alyssa,501,Dallas
Dawn,422,Porto
Taffy,226,Tskhinvali
Rivalee,154,Mumbai
Regina,183,Athens
Flo,355,La Paz
Tami,279,St. George's
Phedra,945,Fredericton
Hyacinthe,320,Nantes
Darci,461,Ushuaia
Clary,713,Warsaw
Ginnie,444,Majuro
Daune,680,Riga
Amalie,432,Kuching
Arlina,802,Nuuk
Goldie,408,Magadan
Melodie,326,Dhaka
Oona,459,Riga
Marsiella,330,Melbourne
Lanna,290,Ludhiana
Marcy,671,Handan
Lusa,637,Casablanca
Kore,522,Huế
Maridel,215,Fairbanks
Jaime,630,Koulikoro
Frances,230,Kaesong
Gilda,756,Charlotte Amalie
Averyl,396,Belgrade
Estell,337,Puerto Williams
Vere,533,San Fernando
Nollie,302,Perm
Brena,422,Las Vegas
Veda,760,Hanoi
Britni,152,Lima
Dagmar,917,Innsbruck
Molli,801,Charlotte Amalie
Meriel,118,Shenzhen
Henriette,204,Shigatse
Leontine,195,City of Halifax
Shandie,442,Blantyre
Olivette,258,Addis Ababa
Phylis,652,Faisalabad
Phedra,510,Bergen
Jennica,971,Thiès
Zaria,334,San Diego
Lisette,115,Horta (Azores)
Ketti,760,Valletta
Tabbatha,313,Taichung
Tersina,426,Ürümqi
Morganica,347,Lusaka
Margalo,217,Copenhagen
Marnia,749,Kaesong
Kerrin,673,Magadan
Merci,184,Christchurch
Brandise,922,Bissau
Jere,539,Cairns
Raquela,341,Memphis
Theodora,401,Podgorica
Lonnie,618,Palikir
Alyda,477,Toronto
Caressa,252,Luxor
Ruthe,883,Macapá
Helena,409,La Serena
Dyann,875,Qingdao
Cissiee,653,Simferopol
Nonnah,321,Bangkok
Fidelia,725,Medellín
Meriel,889,The Valley
Donnie,638,Suva
Vevay,707,İzmir
Christian,205,Enugu
Eadie,804,Vienna